:START_ID,:END_ID,during_period,:TYPE
ON002001_1851,CD_ON_Brant_1851,CENSUS_1851,P10_falls_within
ON002003_1851,CD_ON_Brant_1851,CENSUS_1851,P10_falls_within
ON002005_1851,CD_ON_Brant_1851,CENSUS_1851,P10_falls_within
ON002002_1851,CD_ON_Brant_1851,CENSUS_1851,P10_falls_within
ON020005_1851,CD_ON_Leeds_1851,CENSUS_1851,P10_falls_within
ON003001_1851,CD_ON_Bruce_1851,CENSUS_1851,P10_falls_within
ON003003_1851,CD_ON_Bruce_1851,CENSUS_1851,P10_falls_within
ON003009_1851,CD_ON_Bruce_1851,CENSUS_1851,P10_falls_within
ON003011_1851,CD_ON_Bruce_1851,CENSUS_1851,P10_falls_within
ON003002_1851,CD_ON_Bruce_1851,CENSUS_1851,P10_falls_within
ON003004_1851,CD_ON_Bruce_1851,CENSUS_1851,P10_falls_within
ON003005_1851,CD_ON_Bruce_1851,CENSUS_1851,P10_falls_within
ON003006_1851,CD_ON_Bruce_1851,CENSUS_1851,P10_falls_within
ON003007_1851,CD_ON_Bruce_1851,CENSUS_1851,P10_falls_within
ON003008_1851,CD_ON_Bruce_1851,CENSUS_1851,P10_falls_within
ON003010_1851,CD_ON_Bruce_1851,CENSUS_1851,P10_falls_within
ON004001_1851,CD_ON_Carleton_1851,CENSUS_1851,P10_falls_within
ON004003_1851,CD_ON_Carleton_1851,CENSUS_1851,P10_falls_within
ON004005_1851,CD_ON_Carleton_1851,CENSUS_1851,P10_falls_within
ON004006_1851,CD_ON_Carleton_1851,CENSUS_1851,P10_falls_within
ON004007_1851,CD_ON_Carleton_1851,CENSUS_1851,P10_falls_within
ON004008_1851,CD_ON_Carleton_1851,CENSUS_1851,P10_falls_within
ON004011_1851,CD_ON_Carleton_1851,CENSUS_1851,P10_falls_within
ON004010_1851,CD_ON_Carleton_1851,CENSUS_1851,P10_falls_within
ON039011_1851,CD_ON_Wellington_1851,CENSUS_1851,P10_falls_within
ON039006_1851,CD_ON_Wellington_1851,CENSUS_1851,P10_falls_within
ON039010_1851,CD_ON_Wellington_1851,CENSUS_1851,P10_falls_within
ON035016_1851,CD_ON_Simcoe_1851,CENSUS_1851,P10_falls_within
ON035015_1851,CD_ON_Simcoe_1851,CENSUS_1851,P10_falls_within
ON005001_1851,CD_ON_Dundas_1851,CENSUS_1851,P10_falls_within
ON005002_1851,CD_ON_Dundas_1851,CENSUS_1851,P10_falls_within
ON005003_1851,CD_ON_Dundas_1851,CENSUS_1851,P10_falls_within
ON005004_1851,CD_ON_Dundas_1851,CENSUS_1851,P10_falls_within
ON006001_1851,CD_ON_Durham_1851,CENSUS_1851,P10_falls_within
ON006002_1851,CD_ON_Durham_1851,CENSUS_1851,P10_falls_within
ON006003_1851,CD_ON_Durham_1851,CENSUS_1851,P10_falls_within
ON006004_1851,CD_ON_Durham_1851,CENSUS_1851,P10_falls_within
ON006005_1851,CD_ON_Durham_1851,CENSUS_1851,P10_falls_within
ON006006_1851,CD_ON_Durham_1851,CENSUS_1851,P10_falls_within
ON007002_1851,CD_ON_Elgin_1851,CENSUS_1851,P10_falls_within
ON007005_1851,CD_ON_Elgin_1851,CENSUS_1851,P10_falls_within
ON007007_1851,CD_ON_Elgin_1851,CENSUS_1851,P10_falls_within
ON007001_1851,CD_ON_Elgin_1851,CENSUS_1851,P10_falls_within
ON007003_1851,CD_ON_Elgin_1851,CENSUS_1851,P10_falls_within
ON007006_1851,CD_ON_Elgin_1851,CENSUS_1851,P10_falls_within
ON008009_1851,CD_ON_Essex_1851,CENSUS_1851,P10_falls_within
ON008002_1851,CD_ON_Essex_1851,CENSUS_1851,P10_falls_within
ON008004_1851,CD_ON_Essex_1851,CENSUS_1851,P10_falls_within
ON008006_1851,CD_ON_Essex_1851,CENSUS_1851,P10_falls_within
ON008007_1851,CD_ON_Essex_1851,CENSUS_1851,P10_falls_within
ON009005_1851,CD_ON_Frontenac_1851,CENSUS_1851,P10_falls_within
ON009006_1851,CD_ON_Frontenac_1851,CENSUS_1851,P10_falls_within
ON009008_1851,CD_ON_Frontenac_1851,CENSUS_1851,P10_falls_within
ON009007_1851,CD_ON_Frontenac_1851,CENSUS_1851,P10_falls_within
ON009002_1851,CD_ON_Frontenac_1851,CENSUS_1851,P10_falls_within
ON010004_1851,CD_ON_Glengary_1851,CENSUS_1851,P10_falls_within
ON010001_1851,CD_ON_Glengary_1851,CENSUS_1851,P10_falls_within
ON010003_1851,CD_ON_Glengary_1851,CENSUS_1851,P10_falls_within
ON012002_1851,CD_ON_Grenville_1851,CENSUS_1851,P10_falls_within
ON012004_1851,CD_ON_Grenville_1851,CENSUS_1851,P10_falls_within
ON011001_1851,CD_ON_Grey_1851,CENSUS_1851,P10_falls_within
ON011003_1851,CD_ON_Grey_1851,CENSUS_1851,P10_falls_within
ON011006_1851,CD_ON_Grey_1851,CENSUS_1851,P10_falls_within
ON011008_1851,CD_ON_Grey_1851,CENSUS_1851,P10_falls_within
ON011011_1851,CD_ON_Grey_1851,CENSUS_1851,P10_falls_within
ON011014_1851,CD_ON_Grey_1851,CENSUS_1851,P10_falls_within
ON011012_1851,CD_ON_Grey_1851,CENSUS_1851,P10_falls_within
ON011005_1851,CD_ON_Grey_1851,CENSUS_1851,P10_falls_within
ON011007_1851,CD_ON_Grey_1851,CENSUS_1851,P10_falls_within
ON011010_1851,CD_ON_Grey_1851,CENSUS_1851,P10_falls_within
ON013004_1851,CD_ON_Haldimand_1851,CENSUS_1851,P10_falls_within
ON013006_1851,CD_ON_Haldimand_1851,CENSUS_1851,P10_falls_within
ON013007_1851,CD_ON_Haldimand_1851,CENSUS_1851,P10_falls_within
ON013010_1851,CD_ON_Haldimand_1851,CENSUS_1851,P10_falls_within
ON013009_1851,CD_ON_Haldimand_1851,CENSUS_1851,P10_falls_within
ON014003_1851,CD_ON_Halton_1851,CENSUS_1851,P10_falls_within
ON014004_1851,CD_ON_Halton_1851,CENSUS_1851,P10_falls_within
ON014002_1851,CD_ON_Halton_1851,CENSUS_1851,P10_falls_within
ON015003_1851,CD_ON_Hastings_1851,CENSUS_1851,P10_falls_within
ON015009_1851,CD_ON_Hastings_1851,CENSUS_1851,P10_falls_within
ON015002_1851,CD_ON_Hastings_1851,CENSUS_1851,P10_falls_within
ON015005_1851,CD_ON_Hastings_1851,CENSUS_1851,P10_falls_within
ON016006_1851,CD_ON_Huron_1851,CENSUS_1851,P10_falls_within
ON016008_1851,CD_ON_Huron_1851,CENSUS_1851,P10_falls_within
ON016010_1851,CD_ON_Huron_1851,CENSUS_1851,P10_falls_within
ON016001_1851,CD_ON_Huron_1851,CENSUS_1851,P10_falls_within
ON016007_1851,CD_ON_Huron_1851,CENSUS_1851,P10_falls_within
ON016002_1851,CD_ON_Huron_1851,CENSUS_1851,P10_falls_within
ON016011_1851,CD_ON_Huron_1851,CENSUS_1851,P10_falls_within
ON017005_1851,CD_ON_Kent_1851,CENSUS_1851,P10_falls_within
ON017004_1851,CD_ON_Kent_1851,CENSUS_1851,P10_falls_within
ON017006_1851,CD_ON_Kent_1851,CENSUS_1851,P10_falls_within
ON018001_1851,CD_ON_Lambton_1851,CENSUS_1851,P10_falls_within
ON018004_1851,CD_ON_Lambton_1851,CENSUS_1851,P10_falls_within
ON018005_1851,CD_ON_Lambton_1851,CENSUS_1851,P10_falls_within
ON018010_1851,CD_ON_Lambton_1851,CENSUS_1851,P10_falls_within
ON018003_1851,CD_ON_Lambton_1851,CENSUS_1851,P10_falls_within
ON018006_1851,CD_ON_Lambton_1851,CENSUS_1851,P10_falls_within
ON018007_1851,CD_ON_Lambton_1851,CENSUS_1851,P10_falls_within
ON018008_1851,CD_ON_Lambton_1851,CENSUS_1851,P10_falls_within
ON019004_1851,CD_ON_Lanark_1851,CENSUS_1851,P10_falls_within
ON019009_1851,CD_ON_Lanark_1851,CENSUS_1851,P10_falls_within
ON019008_1851,CD_ON_Lanark_1851,CENSUS_1851,P10_falls_within
ON019011_1851,CD_ON_Lanark_1851,CENSUS_1851,P10_falls_within
ON019012_1851,CD_ON_Lanark_1851,CENSUS_1851,P10_falls_within
ON019001_1851,CD_ON_Lanark_1851,CENSUS_1851,P10_falls_within
ON019002_1851,CD_ON_Lanark_1851,CENSUS_1851,P10_falls_within
ON019006_1851,CD_ON_Lanark_1851,CENSUS_1851,P10_falls_within
ON019007_1851,CD_ON_Lanark_1851,CENSUS_1851,P10_falls_within
ON019010_1851,CD_ON_Lanark_1851,CENSUS_1851,P10_falls_within
ON020001_1851,CD_ON_Leeds_1851,CENSUS_1851,P10_falls_within
ON020006_1851,CD_ON_Leeds_1851,CENSUS_1851,P10_falls_within
ON021001_1851,CD_ON_Lennox_1851,CENSUS_1851,P10_falls_within
ON001001_1851,CD_ON_Addington_1851,CENSUS_1851,P10_falls_within
ON001002_1851,CD_ON_Addington_1851,CENSUS_1851,P10_falls_within
ON021003_1851,CD_ON_Lennox_1851,CENSUS_1851,P10_falls_within
ON022001_1851,CD_ON_Lincoln_1851,CENSUS_1851,P10_falls_within
ON022002_1851,CD_ON_Lincoln_1851,CENSUS_1851,P10_falls_within
ON022003_1851,CD_ON_Lincoln_1851,CENSUS_1851,P10_falls_within
ON022004_1851,CD_ON_Lincoln_1851,CENSUS_1851,P10_falls_within
ON022005_1851,CD_ON_Lincoln_1851,CENSUS_1851,P10_falls_within
ON022006_1851,CD_ON_Lincoln_1851,CENSUS_1851,P10_falls_within
ON023012_1851,CD_ON_Middlesex_1851,CENSUS_1851,P10_falls_within
ON023008_1851,CD_ON_Middlesex_1851,CENSUS_1851,P10_falls_within
ON023011_1851,CD_ON_Middlesex_1851,CENSUS_1851,P10_falls_within
ON023005_1851,CD_ON_Middlesex_1851,CENSUS_1851,P10_falls_within
ON016004_1851,CD_ON_Huron_1851,CENSUS_1851,P10_falls_within
ON023007_1851,CD_ON_Middlesex_1851,CENSUS_1851,P10_falls_within
ON016003_1851,CD_ON_Huron_1851,CENSUS_1851,P10_falls_within
ON023010_1851,CD_ON_Middlesex_1851,CENSUS_1851,P10_falls_within
ON023002_1851,CD_ON_Middlesex_1851,CENSUS_1851,P10_falls_within
ON023004_1851,CD_ON_Middlesex_1851,CENSUS_1851,P10_falls_within
ON023001_1851,CD_ON_Middlesex_1851,CENSUS_1851,P10_falls_within
ON025003_1851,CD_ON_Norfolk_1851,CENSUS_1851,P10_falls_within
ON025001_1851,CD_ON_Norfolk_1851,CENSUS_1851,P10_falls_within
ON025002_1851,CD_ON_Norfolk_1851,CENSUS_1851,P10_falls_within
ON025005_1851,CD_ON_Norfolk_1851,CENSUS_1851,P10_falls_within
ON025007_1851,CD_ON_Norfolk_1851,CENSUS_1851,P10_falls_within
ON025004_1851,CD_ON_Norfolk_1851,CENSUS_1851,P10_falls_within
ON024001_1851,CD_ON_Northumberland_1851,CENSUS_1851,P10_falls_within
ON024002_1851,CD_ON_Northumberland_1851,CENSUS_1851,P10_falls_within
ON024009_1851,CD_ON_Northumberland_1851,CENSUS_1851,P10_falls_within
ON024006_1851,CD_ON_Northumberland_1851,CENSUS_1851,P10_falls_within
ON024005_1851,CD_ON_Northumberland_1851,CENSUS_1851,P10_falls_within
ON024003_1851,CD_ON_Northumberland_1851,CENSUS_1851,P10_falls_within
ON024007_1851,CD_ON_Northumberland_1851,CENSUS_1851,P10_falls_within
ON026005_1851,CD_ON_Ontario_1851,CENSUS_1851,P10_falls_within
ON026007_1851,CD_ON_Ontario_1851,CENSUS_1851,P10_falls_within
ON026009_1851,CD_ON_Ontario_1851,CENSUS_1851,P10_falls_within
ON026006_1851,CD_ON_Ontario_1851,CENSUS_1851,P10_falls_within
ON026003_1851,CD_ON_Ontario_1851,CENSUS_1851,P10_falls_within
ON026002_1851,CD_ON_Ontario_1851,CENSUS_1851,P10_falls_within
ON026004_1851,CD_ON_Ontario_1851,CENSUS_1851,P10_falls_within
ON027009_1851,CD_ON_Oxford_1851,CENSUS_1851,P10_falls_within
ON027008_1851,CD_ON_Oxford_1851,CENSUS_1851,P10_falls_within
ON027006_1851,CD_ON_Oxford_1851,CENSUS_1851,P10_falls_within
ON028001_1851,CD_ON_Peel_1851,CENSUS_1851,P10_falls_within
ON028002_1851,CD_ON_Peel_1851,CENSUS_1851,P10_falls_within
ON028003_1851,CD_ON_Peel_1851,CENSUS_1851,P10_falls_within
ON028004_1851,CD_ON_Peel_1851,CENSUS_1851,P10_falls_within
ON029006_1851,CD_ON_Perth_1851,CENSUS_1851,P10_falls_within
ON029009_1851,CD_ON_Perth_1851,CENSUS_1851,P10_falls_within
ON029011_1851,CD_ON_Perth_1851,CENSUS_1851,P10_falls_within
ON029010_1851,CD_ON_Perth_1851,CENSUS_1851,P10_falls_within
ON029001_1851,CD_ON_Perth_1851,CENSUS_1851,P10_falls_within
ON029003_1851,CD_ON_Perth_1851,CENSUS_1851,P10_falls_within
ON029002_1851,CD_ON_Perth_1851,CENSUS_1851,P10_falls_within
ON029005_1851,CD_ON_Perth_1851,CENSUS_1851,P10_falls_within
ON030006_1851,CD_ON_Peterboro_1851,CENSUS_1851,P10_falls_within
ON030002_1851,CD_ON_Peterboro_1851,CENSUS_1851,P10_falls_within
ON030003_1851,CD_ON_Peterboro_1851,CENSUS_1851,P10_falls_within
ON030008_1851,CD_ON_Peterboro_1851,CENSUS_1851,P10_falls_within
ON030007_1851,CD_ON_Peterboro_1851,CENSUS_1851,P10_falls_within
ON030004_1851,CD_ON_Peterboro_1851,CENSUS_1851,P10_falls_within
ON031005_1851,CD_ON_Prescott_1851,CENSUS_1851,P10_falls_within
ON031001_1851,CD_ON_Prescott_1851,CENSUS_1851,P10_falls_within
ON032001_1851,CD_ON_Prince_Edward_1851,CENSUS_1851,P10_falls_within
ON032002_1851,CD_ON_Prince_Edward_1851,CENSUS_1851,P10_falls_within
ON032003_1851,CD_ON_Prince_Edward_1851,CENSUS_1851,P10_falls_within
ON032004_1851,CD_ON_Prince_Edward_1851,CENSUS_1851,P10_falls_within
ON032006_1851,CD_ON_Prince_Edward_1851,CENSUS_1851,P10_falls_within
ON033004_1851,CD_ON_Renfrew_1851,CENSUS_1851,P10_falls_within
ON033006_1851,CD_ON_Renfrew_1851,CENSUS_1851,P10_falls_within
ON033010_1851,CD_ON_Renfrew_1851,CENSUS_1851,P10_falls_within
ON033008_1851,CD_ON_Renfrew_1851,CENSUS_1851,P10_falls_within
ON033013_1851,CD_ON_Renfrew_1851,CENSUS_1851,P10_falls_within
ON033001_1851,CD_ON_Renfrew_1851,CENSUS_1851,P10_falls_within
ON033012_1851,CD_ON_Renfrew_1851,CENSUS_1851,P10_falls_within
ON033005_1851,CD_ON_Renfrew_1851,CENSUS_1851,P10_falls_within
ON034003_1851,CD_ON_Russell_1851,CENSUS_1851,P10_falls_within
ON034002_1851,CD_ON_Russell_1851,CENSUS_1851,P10_falls_within
ON034001_1851,CD_ON_Russell_1851,CENSUS_1851,P10_falls_within
ON004002_1851,CD_ON_Carleton_1851,CENSUS_1851,P10_falls_within
ON034004_1851,CD_ON_Russell_1851,CENSUS_1851,P10_falls_within
ON035003_1851,CD_ON_Simcoe_1851,CENSUS_1851,P10_falls_within
ON035006_1851,CD_ON_Simcoe_1851,CENSUS_1851,P10_falls_within
ON035009_1851,CD_ON_Simcoe_1851,CENSUS_1851,P10_falls_within
ON035004_1851,CD_ON_Simcoe_1851,CENSUS_1851,P10_falls_within
ON035008_1851,CD_ON_Simcoe_1851,CENSUS_1851,P10_falls_within
ON035005_1851,CD_ON_Simcoe_1851,CENSUS_1851,P10_falls_within
ON038005_1851,CD_ON_Waterloo_1851,CENSUS_1851,P10_falls_within
ON038004_1851,CD_ON_Waterloo_1851,CENSUS_1851,P10_falls_within
ON039009_1851,CD_ON_Wellington_1851,CENSUS_1851,P10_falls_within
ON039008_1851,CD_ON_Wellington_1851,CENSUS_1851,P10_falls_within
ON039007_1851,CD_ON_Wellington_1851,CENSUS_1851,P10_falls_within
ON039001_1851,CD_ON_Wellington_1851,CENSUS_1851,P10_falls_within
ON039003_1851,CD_ON_Wellington_1851,CENSUS_1851,P10_falls_within
ON039005_1851,CD_ON_Wellington_1851,CENSUS_1851,P10_falls_within
ON039012_1851,CD_ON_Wellington_1851,CENSUS_1851,P10_falls_within
ON039002_1851,CD_ON_Wellington_1851,CENSUS_1851,P10_falls_within
ON041004_1851,CD_ON_Wentworth_1851,CENSUS_1851,P10_falls_within
ON041008_1851,CD_ON_Wentworth_1851,CENSUS_1851,P10_falls_within
ON041001_1851,CD_ON_Wentworth_1851,CENSUS_1851,P10_falls_within
ON041007_1851,CD_ON_Wentworth_1851,CENSUS_1851,P10_falls_within
ON040008_1851,CD_ON_Welland_1851,CENSUS_1851,P10_falls_within
ON040004_1851,CD_ON_Welland_1851,CENSUS_1851,P10_falls_within
ON040001_1851,CD_ON_Welland_1851,CENSUS_1851,P10_falls_within
ON040003_1851,CD_ON_Welland_1851,CENSUS_1851,P10_falls_within
ON040002_1851,CD_ON_Welland_1851,CENSUS_1851,P10_falls_within
ON040006_1851,CD_ON_Welland_1851,CENSUS_1851,P10_falls_within
ON040005_1851,CD_ON_Welland_1851,CENSUS_1851,P10_falls_within
ON002006_1851,CD_ON_Brant_1851,CENSUS_1851,P10_falls_within
ON035011_1851,CD_ON_Simcoe_1851,CENSUS_1851,P10_falls_within
ON035017_1851,CD_ON_Simcoe_1851,CENSUS_1851,P10_falls_within
ON035012_1851,CD_ON_Simcoe_1851,CENSUS_1851,P10_falls_within
ON036003_1851,CD_ON_Stormont_1851,CENSUS_1851,P10_falls_within
ON036004_1851,CD_ON_Stormont_1851,CENSUS_1851,P10_falls_within
ON037006_1851,CD_ON_Victoria_1851,CENSUS_1851,P10_falls_within
ON037004_1851,CD_ON_Victoria_1851,CENSUS_1851,P10_falls_within
ON037003_1851,CD_ON_Victoria_1851,CENSUS_1851,P10_falls_within
ON037005_1851,CD_ON_Victoria_1851,CENSUS_1851,P10_falls_within
ON037001_1851,CD_ON_Victoria_1851,CENSUS_1851,P10_falls_within
ON037002_1851,CD_ON_Victoria_1851,CENSUS_1851,P10_falls_within
ON042003_1851,CD_ON_York_1851,CENSUS_1851,P10_falls_within
ON042004_1851,CD_ON_York_1851,CENSUS_1851,P10_falls_within
ON020008_1851,CD_ON_Leeds_1851,CENSUS_1851,P10_falls_within
ON033009_1851,CD_ON_Renfrew_1851,CENSUS_1851,P10_falls_within
ON033007_1851,CD_ON_Renfrew_1851,CENSUS_1851,P10_falls_within
ON026010_1851,CD_ON_Ontario_1851,CENSUS_1851,P10_falls_within
ON020007_1851,CD_ON_Leeds_1851,CENSUS_1851,P10_falls_within
ON020011_1851,CD_ON_Leeds_1851,CENSUS_1851,P10_falls_within
ON035013_1851,CD_ON_Simcoe_1851,CENSUS_1851,P10_falls_within
ON040010_1851,CD_ON_Welland_1851,CENSUS_1851,P10_falls_within
ON020009_1851,CD_ON_Leeds_1851,CENSUS_1851,P10_falls_within
ON020010_1851,CD_ON_Leeds_1851,CENSUS_1851,P10_falls_within
ON002004_1851,CD_ON_Brant_1851,CENSUS_1851,P10_falls_within
ON002008_1851,CD_ON_Brant_1851,CENSUS_1851,P10_falls_within
ON004004_1851,CD_ON_Carleton_1851,CENSUS_1851,P10_falls_within
ON011009_1851,CD_ON_Grey_1851,CENSUS_1851,P10_falls_within
ON006007_1851,CD_ON_Durham_1851,CENSUS_1851,P10_falls_within
ON007004_1851,CD_ON_Elgin_1851,CENSUS_1851,P10_falls_within
ON007008_1851,CD_ON_Elgin_1851,CENSUS_1851,P10_falls_within
ON008005_1851,CD_ON_Essex_1851,CENSUS_1851,P10_falls_within
ON008008_1851,CD_ON_Essex_1851,CENSUS_1851,P10_falls_within
ON008003_1851,CD_ON_Essex_1851,CENSUS_1851,P10_falls_within
ON008999_1851,CD_ON_Essex_1851,CENSUS_1851,P10_falls_within
ON008010_1851,CD_ON_Essex_1851,CENSUS_1851,P10_falls_within
ON008001_1851,CD_ON_Essex_1851,CENSUS_1851,P10_falls_within
ON009003_1851,CD_ON_Frontenac_1851,CENSUS_1851,P10_falls_within
ON009999_1851,CD_ON_Frontenac_1851,CENSUS_1851,P10_falls_within
ON009001_1851,CD_ON_Frontenac_1851,CENSUS_1851,P10_falls_within
ON009004_1851,CD_ON_Frontenac_1851,CENSUS_1851,P10_falls_within
ON010002_1851,CD_ON_Glengary_1851,CENSUS_1851,P10_falls_within
ON012001_1851,CD_ON_Grenville_1851,CENSUS_1851,P10_falls_within
ON012003_1851,CD_ON_Grenville_1851,CENSUS_1851,P10_falls_within
ON012005_1851,CD_ON_Grenville_1851,CENSUS_1851,P10_falls_within
ON012006_1851,CD_ON_Grenville_1851,CENSUS_1851,P10_falls_within
ON011015_1851,CD_ON_Grey_1851,CENSUS_1851,P10_falls_within
ON011002_1851,CD_ON_Grey_1851,CENSUS_1851,P10_falls_within
ON011013_1851,CD_ON_Grey_1851,CENSUS_1851,P10_falls_within
ON013001_1851,CD_ON_Haldimand_1851,CENSUS_1851,P10_falls_within
ON013003_1851,CD_ON_Haldimand_1851,CENSUS_1851,P10_falls_within
ON013002_1851,CD_ON_Haldimand_1851,CENSUS_1851,P10_falls_within
ON013005_1851,CD_ON_Haldimand_1851,CENSUS_1851,P10_falls_within
ON014001_1851,CD_ON_Halton_1851,CENSUS_1851,P10_falls_within
ON044005_1851,CD_ON_Hamilton_1851,CENSUS_1851,P10_falls_within
ON015007_1851,CD_ON_Hastings_1851,CENSUS_1851,P10_falls_within
ON015008_1851,CD_ON_Hastings_1851,CENSUS_1851,P10_falls_within
ON015006_1851,CD_ON_Hastings_1851,CENSUS_1851,P10_falls_within
ON015001_1851,CD_ON_Hastings_1851,CENSUS_1851,P10_falls_within
ON016014_1851,CD_ON_Huron_1851,CENSUS_1851,P10_falls_within
ON016013_1851,CD_ON_Huron_1851,CENSUS_1851,P10_falls_within
ON016005_1851,CD_ON_Huron_1851,CENSUS_1851,P10_falls_within
ON016009_1851,CD_ON_Huron_1851,CENSUS_1851,P10_falls_within
ON016015_1851,CD_ON_Huron_1851,CENSUS_1851,P10_falls_within
ON016012_1851,CD_ON_Huron_1851,CENSUS_1851,P10_falls_within
ON016016_1851,CD_ON_Huron_1851,CENSUS_1851,P10_falls_within
ON017001_1851,CD_ON_Kent_1851,CENSUS_1851,P10_falls_within
ON017002_1851,CD_ON_Kent_1851,CENSUS_1851,P10_falls_within
ON017003_1851,CD_ON_Kent_1851,CENSUS_1851,P10_falls_within
ON017007_1851,CD_ON_Kent_1851,CENSUS_1851,P10_falls_within
ON017008_1851,CD_ON_Kent_1851,CENSUS_1851,P10_falls_within
ON045003_1851,"CD_ON_Kingston,_City_1851",CENSUS_1851,P10_falls_within
ON018002_1851,CD_ON_Lambton_1851,CENSUS_1851,P10_falls_within
ON019013_1851,CD_ON_Lanark_1851,CENSUS_1851,P10_falls_within
ON020003_1851,CD_ON_Leeds_1851,CENSUS_1851,P10_falls_within
ON020004_1851,CD_ON_Leeds_1851,CENSUS_1851,P10_falls_within
ON001003_1851,CD_ON_Addington_1851,CENSUS_1851,P10_falls_within
ON021002_1851,CD_ON_Lennox_1851,CENSUS_1851,P10_falls_within
ON001004_1851,CD_ON_Addington_1851,CENSUS_1851,P10_falls_within
ON022007_1851,CD_ON_Lincoln_1851,CENSUS_1851,P10_falls_within
ON022009_1851,CD_ON_Lincoln_1851,CENSUS_1851,P10_falls_within
ON022008_1851,CD_ON_Lincoln_1851,CENSUS_1851,P10_falls_within
ON023009_1851,CD_ON_Middlesex_1851,CENSUS_1851,P10_falls_within
ON023006_1851,CD_ON_Middlesex_1851,CENSUS_1851,P10_falls_within
ON023003_1851,CD_ON_Middlesex_1851,CENSUS_1851,P10_falls_within
ON025006_1851,CD_ON_Norfolk_1851,CENSUS_1851,P10_falls_within
ON025009_1851,CD_ON_Norfolk_1851,CENSUS_1851,P10_falls_within
ON024004_1851,CD_ON_Northumberland_1851,CENSUS_1851,P10_falls_within
ON026008_1851,CD_ON_Ontario_1851,CENSUS_1851,P10_falls_within
ON026001_1851,CD_ON_Ontario_1851,CENSUS_1851,P10_falls_within
ON046001_1851,CD_ON_Bytown_1851,CENSUS_1851,P10_falls_within
ON046003_1851,CD_ON_Bytown_1851,CENSUS_1851,P10_falls_within
ON027010_1851,CD_ON_Oxford_1851,CENSUS_1851,P10_falls_within
ON027001_1851,CD_ON_Oxford_1851,CENSUS_1851,P10_falls_within
ON027002_1851,CD_ON_Oxford_1851,CENSUS_1851,P10_falls_within
ON027011_1851,CD_ON_Oxford_1851,CENSUS_1851,P10_falls_within
ON027007_1851,CD_ON_Oxford_1851,CENSUS_1851,P10_falls_within
ON027004_1851,CD_ON_Oxford_1851,CENSUS_1851,P10_falls_within
ON027003_1851,CD_ON_Oxford_1851,CENSUS_1851,P10_falls_within
ON027005_1851,CD_ON_Oxford_1851,CENSUS_1851,P10_falls_within
ON027012_1851,CD_ON_Oxford_1851,CENSUS_1851,P10_falls_within
ON028005_1851,CD_ON_Peel_1851,CENSUS_1851,P10_falls_within
ON029007_1851,CD_ON_Perth_1851,CENSUS_1851,P10_falls_within
ON029008_1851,CD_ON_Perth_1851,CENSUS_1851,P10_falls_within
ON030001_1851,CD_ON_Peterboro_1851,CENSUS_1851,P10_falls_within
ON030005_1851,CD_ON_Peterboro_1851,CENSUS_1851,P10_falls_within
ON024008_1851,CD_ON_Northumberland_1851,CENSUS_1851,P10_falls_within
ON031003_1851,CD_ON_Prescott_1851,CENSUS_1851,P10_falls_within
ON031002_1851,CD_ON_Prescott_1851,CENSUS_1851,P10_falls_within
ON031004_1851,CD_ON_Prescott_1851,CENSUS_1851,P10_falls_within
ON031006_1851,CD_ON_Prescott_1851,CENSUS_1851,P10_falls_within
ON031007_1851,CD_ON_Prescott_1851,CENSUS_1851,P10_falls_within
ON032005_1851,CD_ON_Prince_Edward_1851,CENSUS_1851,P10_falls_within
ON032007_1851,CD_ON_Prince_Edward_1851,CENSUS_1851,P10_falls_within
ON033003_1851,CD_ON_Renfrew_1851,CENSUS_1851,P10_falls_within
ON033011_1851,CD_ON_Renfrew_1851,CENSUS_1851,P10_falls_within
ON004009_1851,CD_ON_Carleton_1851,CENSUS_1851,P10_falls_within
ON035001_1851,CD_ON_Simcoe_1851,CENSUS_1851,P10_falls_within
ON035007_1851,CD_ON_Simcoe_1851,CENSUS_1851,P10_falls_within
ON047001_1851,CD_ON_London_1851,CENSUS_1851,P10_falls_within
ON047003_1851,CD_ON_London_1851,CENSUS_1851,P10_falls_within
ON047004_1851,CD_ON_London_1851,CENSUS_1851,P10_falls_within
ON047002_1851,CD_ON_London_1851,CENSUS_1851,P10_falls_within
ON038002_1851,CD_ON_Waterloo_1851,CENSUS_1851,P10_falls_within
ON038001_1851,CD_ON_Waterloo_1851,CENSUS_1851,P10_falls_within
ON038003_1851,CD_ON_Waterloo_1851,CENSUS_1851,P10_falls_within
ON038006_1851,CD_ON_Waterloo_1851,CENSUS_1851,P10_falls_within
ON038007_1851,CD_ON_Waterloo_1851,CENSUS_1851,P10_falls_within
ON041006_1851,CD_ON_Wentworth_1851,CENSUS_1851,P10_falls_within
ON041002_1851,CD_ON_Wentworth_1851,CENSUS_1851,P10_falls_within
ON041003_1851,CD_ON_Wentworth_1851,CENSUS_1851,P10_falls_within
ON041005_1851,CD_ON_Wentworth_1851,CENSUS_1851,P10_falls_within
ON044001_1851,CD_ON_Hamilton_1851,CENSUS_1851,P10_falls_within
ON044004_1851,CD_ON_Hamilton_1851,CENSUS_1851,P10_falls_within
ON044002_1851,CD_ON_Hamilton_1851,CENSUS_1851,P10_falls_within
ON040007_1851,CD_ON_Welland_1851,CENSUS_1851,P10_falls_within
ON040009_1851,CD_ON_Welland_1851,CENSUS_1851,P10_falls_within
ON039004_1851,CD_ON_Wellington_1851,CENSUS_1851,P10_falls_within
ON035014_1851,CD_ON_Simcoe_1851,CENSUS_1851,P10_falls_within
ON035018_1851,CD_ON_Simcoe_1851,CENSUS_1851,P10_falls_within
ON036001_1851,CD_ON_Stormont_1851,CENSUS_1851,P10_falls_within
ON036002_1851,CD_ON_Stormont_1851,CENSUS_1851,P10_falls_within
ON036005_1851,CD_ON_Stormont_1851,CENSUS_1851,P10_falls_within
ON043001_1851,"CD_ON_Toronto,_City_1851",CENSUS_1851,P10_falls_within
ON042005_1851,CD_ON_York_1851,CENSUS_1851,P10_falls_within
ON037007_1851,CD_ON_Victoria_1851,CENSUS_1851,P10_falls_within
ON042001_1851,CD_ON_York_1851,CENSUS_1851,P10_falls_within
ON042002_1851,CD_ON_York_1851,CENSUS_1851,P10_falls_within
ON042006_1851,CD_ON_York_1851,CENSUS_1851,P10_falls_within
ON042009_1851,CD_ON_York_1851,CENSUS_1851,P10_falls_within
ON042007_1851,CD_ON_York_1851,CENSUS_1851,P10_falls_within
ON030009_1851,CD_ON_Peterboro_1851,CENSUS_1851,P10_falls_within
ON041009_1851,CD_ON_Wentworth_1851,CENSUS_1851,P10_falls_within
ON044003_1851,CD_ON_Hamilton_1851,CENSUS_1851,P10_falls_within
ON024010_1851,CD_ON_Northumberland_1851,CENSUS_1851,P10_falls_within
ON045007_1851,"CD_ON_Kingston,_City_1851",CENSUS_1851,P10_falls_within
ON045001_1851,"CD_ON_Kingston,_City_1851",CENSUS_1851,P10_falls_within
ON045002_1851,"CD_ON_Kingston,_City_1851",CENSUS_1851,P10_falls_within
ON045004_1851,"CD_ON_Kingston,_City_1851",CENSUS_1851,P10_falls_within
ON045005_1851,"CD_ON_Kingston,_City_1851",CENSUS_1851,P10_falls_within
ON045006_1851,"CD_ON_Kingston,_City_1851",CENSUS_1851,P10_falls_within
ON020012_1851,CD_ON_Leeds_1851,CENSUS_1851,P10_falls_within
ON019003_1851,CD_ON_Lanark_1851,CENSUS_1851,P10_falls_within
ON002007_1851,CD_ON_Brant_1851,CENSUS_1851,P10_falls_within
ON019005_1851,CD_ON_Lanark_1851,CENSUS_1851,P10_falls_within
ON020002_1851,CD_ON_Leeds_1851,CENSUS_1851,P10_falls_within
ON026011_1851,CD_ON_Ontario_1851,CENSUS_1851,P10_falls_within
ON045009_1851,"CD_ON_Kingston,_City_1851",CENSUS_1851,P10_falls_within
ON045008_1851,"CD_ON_Kingston,_City_1851",CENSUS_1851,P10_falls_within
ON045010_1851,"CD_ON_Kingston,_City_1851",CENSUS_1851,P10_falls_within
ON045013_1851,"CD_ON_Kingston,_City_1851",CENSUS_1851,P10_falls_within
ON045011_1851,"CD_ON_Kingston,_City_1851",CENSUS_1851,P10_falls_within
ON045012_1851,"CD_ON_Kingston,_City_1851",CENSUS_1851,P10_falls_within
ON018011_1851,CD_ON_Lambton_1851,CENSUS_1851,P10_falls_within
ON018009_1851,CD_ON_Lambton_1851,CENSUS_1851,P10_falls_within
ON025008_1851,CD_ON_Norfolk_1851,CENSUS_1851,P10_falls_within
ON013008_1851,CD_ON_Haldimand_1851,CENSUS_1851,P10_falls_within
ON044006_1851,CD_ON_Hamilton_1851,CENSUS_1851,P10_falls_within
ON029004_1851,CD_ON_Perth_1851,CENSUS_1851,P10_falls_within
ON015010_1851,CD_ON_Hastings_1851,CENSUS_1851,P10_falls_within
ON015004_1851,CD_ON_Hastings_1851,CENSUS_1851,P10_falls_within
ON015011_1851,CD_ON_Hastings_1851,CENSUS_1851,P10_falls_within
ON035002_1851,CD_ON_Simcoe_1851,CENSUS_1851,P10_falls_within
ON035010_1851,CD_ON_Simcoe_1851,CENSUS_1851,P10_falls_within
ON042008_1851,CD_ON_York_1851,CENSUS_1851,P10_falls_within
ON043002_1851,"CD_ON_Toronto,_City_1851",CENSUS_1851,P10_falls_within
ON043004_1851,"CD_ON_Toronto,_City_1851",CENSUS_1851,P10_falls_within
ON043007_1851,"CD_ON_Toronto,_City_1851",CENSUS_1851,P10_falls_within
ON043009_1851,"CD_ON_Toronto,_City_1851",CENSUS_1851,P10_falls_within
ON043008_1851,"CD_ON_Toronto,_City_1851",CENSUS_1851,P10_falls_within
ON043006_1851,"CD_ON_Toronto,_City_1851",CENSUS_1851,P10_falls_within
ON043003_1851,"CD_ON_Toronto,_City_1851",CENSUS_1851,P10_falls_within
ON043005_1851,"CD_ON_Toronto,_City_1851",CENSUS_1851,P10_falls_within
ON043010_1851,"CD_ON_Toronto,_City_1851",CENSUS_1851,P10_falls_within
ON046002_1851,CD_ON_Bytown_1851,CENSUS_1851,P10_falls_within
ON033002_1851,CD_ON_Renfrew_1851,CENSUS_1851,P10_falls_within
NT999999_1851,CD_NT_The_Territories_1851,CENSUS_1851,P10_falls_within
ON011004_1851,CD_ON_Grey_1851,CENSUS_1851,P10_falls_within
NL998999_1851,CD_NL_Newfoundland_1851,CENSUS_1851,P10_falls_within
PE997999_1851,CD_PE_Prince_Edward_Island_1851,CENSUS_1851,P10_falls_within
NS996999_1851,CD_NS_Nova_Scotia_1851,CENSUS_1851,P10_falls_within
NB995999_1851,CD_NB_New_Brunswick_1851,CENSUS_1851,P10_falls_within
QC080013_1851,CD_QC_Two_Mountains_1851,CENSUS_1851,P10_falls_within
QC080017_1851,CD_QC_Two_Mountains_1851,CENSUS_1851,P10_falls_within
QC080015_1851,CD_QC_Two_Mountains_1851,CENSUS_1851,P10_falls_within
QC080999_1851,CD_QC_Two_Mountains_1851,CENSUS_1851,P10_falls_within
QC080011_1851,CD_QC_Two_Mountains_1851,CENSUS_1851,P10_falls_within
QC055002_1851,CD_QC_Drummond_1851,CENSUS_1851,P10_falls_within
QC078009_1851,CD_QC_St._Hyacinthe_1851,CENSUS_1851,P10_falls_within
QC078008_1851,CD_QC_St._Hyacinthe_1851,CENSUS_1851,P10_falls_within
QC078010_1851,CD_QC_St._Hyacinthe_1851,CENSUS_1851,P10_falls_within
QC078011_1851,CD_QC_St._Hyacinthe_1851,CENSUS_1851,P10_falls_within
QC054012_1851,CD_QC_Dorchester_1851,CENSUS_1851,P10_falls_within
QC054016_1851,CD_QC_Dorchester_1851,CENSUS_1851,P10_falls_within
QC054015_1851,CD_QC_Dorchester_1851,CENSUS_1851,P10_falls_within
QC054017_1851,CD_QC_Dorchester_1851,CENSUS_1851,P10_falls_within
QC054014_1851,CD_QC_Dorchester_1851,CENSUS_1851,P10_falls_within
QC054013_1851,CD_QC_Dorchester_1851,CENSUS_1851,P10_falls_within
QC062009_1851,CD_QC_Megantic_1851,CENSUS_1851,P10_falls_within
QC062999_1851,CD_QC_Megantic_1851,CENSUS_1851,P10_falls_within
QC062010_1851,CD_QC_Megantic_1851,CENSUS_1851,P10_falls_within
QC062012_1851,CD_QC_Megantic_1851,CENSUS_1851,P10_falls_within
QC048011_1851,CD_QC_Beauharnois_1851,CENSUS_1851,P10_falls_within
QC048010_1851,CD_QC_Beauharnois_1851,CENSUS_1851,P10_falls_within
QC048005_1851,CD_QC_Beauharnois_1851,CENSUS_1851,P10_falls_within
QC049011_1851,CD_QC_Bellechasse_1851,CENSUS_1851,P10_falls_within
QC049007_1851,CD_QC_Bellechasse_1851,CENSUS_1851,P10_falls_within
QC049006_1851,CD_QC_Bellechasse_1851,CENSUS_1851,P10_falls_within
QC049005_1851,CD_QC_Bellechasse_1851,CENSUS_1851,P10_falls_within
QC049009_1851,CD_QC_Bellechasse_1851,CENSUS_1851,P10_falls_within
QC049010_1851,CD_QC_Bellechasse_1851,CENSUS_1851,P10_falls_within
QC049999_1851,CD_QC_Bellechasse_1851,CENSUS_1851,P10_falls_within
QC049004_1851,CD_QC_Bellechasse_1851,CENSUS_1851,P10_falls_within
QC049003_1851,CD_QC_Bellechasse_1851,CENSUS_1851,P10_falls_within
QC050005_1851,CD_QC_Berthier_1851,CENSUS_1851,P10_falls_within
QC050006_1851,CD_QC_Berthier_1851,CENSUS_1851,P10_falls_within
QC050002_1851,CD_QC_Berthier_1851,CENSUS_1851,P10_falls_within
QC050003_1851,CD_QC_Berthier_1851,CENSUS_1851,P10_falls_within
QC050013_1851,CD_QC_Berthier_1851,CENSUS_1851,P10_falls_within
QC051007_1851,CD_QC_Bonaventure_1851,CENSUS_1851,P10_falls_within
QC051004_1851,CD_QC_Bonaventure_1851,CENSUS_1851,P10_falls_within
QC051002_1851,CD_QC_Bonaventure_1851,CENSUS_1851,P10_falls_within
QC051006_1851,CD_QC_Bonaventure_1851,CENSUS_1851,P10_falls_within
QC051011_1851,CD_QC_Bonaventure_1851,CENSUS_1851,P10_falls_within
QC051003_1851,CD_QC_Bonaventure_1851,CENSUS_1851,P10_falls_within
QC051005_1851,CD_QC_Bonaventure_1851,CENSUS_1851,P10_falls_within
QC051008_1851,CD_QC_Bonaventure_1851,CENSUS_1851,P10_falls_within
QC051001_1851,CD_QC_Bonaventure_1851,CENSUS_1851,P10_falls_within
QC051010_1851,CD_QC_Bonaventure_1851,CENSUS_1851,P10_falls_within
QC051999_1851,CD_QC_Bonaventure_1851,CENSUS_1851,P10_falls_within
QC077004_1851,CD_QC_Stanstead_1851,CENSUS_1851,P10_falls_within
QC075008_1851,CD_QC_Shefford_1851,CENSUS_1851,P10_falls_within
QC075007_1851,CD_QC_Shefford_1851,CENSUS_1851,P10_falls_within
QC077005_1851,CD_QC_Stanstead_1851,CENSUS_1851,P10_falls_within
QC063001_1851,CD_QC_Missisquoi_1851,CENSUS_1851,P10_falls_within
QC052004_1851,CD_QC_Chambly_1851,CENSUS_1851,P10_falls_within
QC052002_1851,CD_QC_Chambly_1851,CENSUS_1851,P10_falls_within
QC052005_1851,CD_QC_Chambly_1851,CENSUS_1851,P10_falls_within
QC082004_1851,CD_QC_Verchères_1851,CENSUS_1851,P10_falls_within
QC082003_1851,CD_QC_Verchères_1851,CENSUS_1851,P10_falls_within
QC082006_1851,CD_QC_Verchères_1851,CENSUS_1851,P10_falls_within
QC082007_1851,CD_QC_Verchères_1851,CENSUS_1851,P10_falls_within
QC082005_1851,CD_QC_Verchères_1851,CENSUS_1851,P10_falls_within
QC082002_1851,CD_QC_Verchères_1851,CENSUS_1851,P10_falls_within
QC052001_1851,CD_QC_Chambly_1851,CENSUS_1851,P10_falls_within
QC053004_1851,CD_QC_Champlain_1851,CENSUS_1851,P10_falls_within
QC053003_1851,CD_QC_Champlain_1851,CENSUS_1851,P10_falls_within
QC053001_1851,CD_QC_Champlain_1851,CENSUS_1851,P10_falls_within
QC053002_1851,CD_QC_Champlain_1851,CENSUS_1851,P10_falls_within
QC053006_1851,CD_QC_Champlain_1851,CENSUS_1851,P10_falls_within
QC053005_1851,CD_QC_Champlain_1851,CENSUS_1851,P10_falls_within
QC053008_1851,CD_QC_Champlain_1851,CENSUS_1851,P10_falls_within
QC074001_1851,CD_QC_Saguenay_1851,CENSUS_1851,P10_falls_within
QC074004_1851,CD_QC_Saguenay_1851,CENSUS_1851,P10_falls_within
QC074005_1851,CD_QC_Saguenay_1851,CENSUS_1851,P10_falls_within
QC074009_1851,CD_QC_Saguenay_1851,CENSUS_1851,P10_falls_within
QC074003_1851,CD_QC_Saguenay_1851,CENSUS_1851,P10_falls_within
QC074010_1851,CD_QC_Saguenay_1851,CENSUS_1851,P10_falls_within
QC074007_1851,CD_QC_Saguenay_1851,CENSUS_1851,P10_falls_within
QC074006_1851,CD_QC_Saguenay_1851,CENSUS_1851,P10_falls_within
QC074011_1851,CD_QC_Saguenay_1851,CENSUS_1851,P10_falls_within
QC074002_1851,CD_QC_Saguenay_1851,CENSUS_1851,P10_falls_within
QC048014_1851,CD_QC_Beauharnois_1851,CENSUS_1851,P10_falls_within
QC057007_1851,CD_QC_Huntingdon_1851,CENSUS_1851,P10_falls_within
QC048016_1851,CD_QC_Beauharnois_1851,CENSUS_1851,P10_falls_within
QC048017_1851,CD_QC_Beauharnois_1851,CENSUS_1851,P10_falls_within
QC057006_1851,CD_QC_Huntingdon_1851,CENSUS_1851,P10_falls_within
QC048008_1851,CD_QC_Beauharnois_1851,CENSUS_1851,P10_falls_within
QC074022_1851,CD_QC_Saguenay_1851,CENSUS_1851,P10_falls_within
QC074023_1851,CD_QC_Saguenay_1851,CENSUS_1851,P10_falls_within
QC074024_1851,CD_QC_Saguenay_1851,CENSUS_1851,P10_falls_within
QC076010_1851,CD_QC_Sherbrooke_1851,CENSUS_1851,P10_falls_within
QC076002_1851,CD_QC_Sherbrooke_1851,CENSUS_1851,P10_falls_within
QC076004_1851,CD_QC_Sherbrooke_1851,CENSUS_1851,P10_falls_within
QC076008_1851,CD_QC_Sherbrooke_1851,CENSUS_1851,P10_falls_within
QC076001_1851,CD_QC_Sherbrooke_1851,CENSUS_1851,P10_falls_within
QC076011_1851,CD_QC_Sherbrooke_1851,CENSUS_1851,P10_falls_within
QC076018_1851,CD_QC_Sherbrooke_1851,CENSUS_1851,P10_falls_within
QC076020_1851,CD_QC_Sherbrooke_1851,CENSUS_1851,P10_falls_within
QC080006_1851,CD_QC_Two_Mountains_1851,CENSUS_1851,P10_falls_within
QC080010_1851,CD_QC_Two_Mountains_1851,CENSUS_1851,P10_falls_within
QC080001_1851,CD_QC_Two_Mountains_1851,CENSUS_1851,P10_falls_within
QC080005_1851,CD_QC_Two_Mountains_1851,CENSUS_1851,P10_falls_within
QC080008_1851,CD_QC_Two_Mountains_1851,CENSUS_1851,P10_falls_within
QC080004_1851,CD_QC_Two_Mountains_1851,CENSUS_1851,P10_falls_within
QC080002_1851,CD_QC_Two_Mountains_1851,CENSUS_1851,P10_falls_within
QC080003_1851,CD_QC_Two_Mountains_1851,CENSUS_1851,P10_falls_within
QC054006_1851,CD_QC_Dorchester_1851,CENSUS_1851,P10_falls_within
QC054011_1851,CD_QC_Dorchester_1851,CENSUS_1851,P10_falls_within
QC054009_1851,CD_QC_Dorchester_1851,CENSUS_1851,P10_falls_within
QC054018_1851,CD_QC_Dorchester_1851,CENSUS_1851,P10_falls_within
QC054007_1851,CD_QC_Dorchester_1851,CENSUS_1851,P10_falls_within
QC049012_1851,CD_QC_Bellechasse_1851,CENSUS_1851,P10_falls_within
QC054010_1851,CD_QC_Dorchester_1851,CENSUS_1851,P10_falls_within
QC054019_1851,CD_QC_Dorchester_1851,CENSUS_1851,P10_falls_within
QC055006_1851,CD_QC_Drummond_1851,CENSUS_1851,P10_falls_within
QC055004_1851,CD_QC_Drummond_1851,CENSUS_1851,P10_falls_within
QC055005_1851,CD_QC_Drummond_1851,CENSUS_1851,P10_falls_within
QC055013_1851,CD_QC_Drummond_1851,CENSUS_1851,P10_falls_within
QC055014_1851,CD_QC_Drummond_1851,CENSUS_1851,P10_falls_within
QC055011_1851,CD_QC_Drummond_1851,CENSUS_1851,P10_falls_within
QC055009_1851,CD_QC_Drummond_1851,CENSUS_1851,P10_falls_within
QC055008_1851,CD_QC_Drummond_1851,CENSUS_1851,P10_falls_within
QC055010_1851,CD_QC_Drummond_1851,CENSUS_1851,P10_falls_within
QC055003_1851,CD_QC_Drummond_1851,CENSUS_1851,P10_falls_within
QC056010_1851,CD_QC_Gaspé_1851,CENSUS_1851,P10_falls_within
QC056008_1851,CD_QC_Gaspé_1851,CENSUS_1851,P10_falls_within
QC056005_1851,CD_QC_Gaspé_1851,CENSUS_1851,P10_falls_within
QC056011_1851,CD_QC_Gaspé_1851,CENSUS_1851,P10_falls_within
QC056009_1851,CD_QC_Gaspé_1851,CENSUS_1851,P10_falls_within
QC056002_1851,CD_QC_Gaspé_1851,CENSUS_1851,P10_falls_within
QC056004_1851,CD_QC_Gaspé_1851,CENSUS_1851,P10_falls_within
QC056003_1851,CD_QC_Gaspé_1851,CENSUS_1851,P10_falls_within
QC056999_1851,CD_QC_Gaspé_1851,CENSUS_1851,P10_falls_within
QC065011_1851,CD_QC_Montréal_1851,CENSUS_1851,P10_falls_within
QC048003_1851,CD_QC_Beauharnois_1851,CENSUS_1851,P10_falls_within
QC048015_1851,CD_QC_Beauharnois_1851,CENSUS_1851,P10_falls_within
QC048009_1851,CD_QC_Beauharnois_1851,CENSUS_1851,P10_falls_within
QC048012_1851,CD_QC_Beauharnois_1851,CENSUS_1851,P10_falls_within
QC048007_1851,CD_QC_Beauharnois_1851,CENSUS_1851,P10_falls_within
QC048001_1851,CD_QC_Beauharnois_1851,CENSUS_1851,P10_falls_within
QC065012_1851,CD_QC_Montréal_1851,CENSUS_1851,P10_falls_within
QC065007_1851,CD_QC_Montréal_1851,CENSUS_1851,P10_falls_within
QC065006_1851,CD_QC_Montréal_1851,CENSUS_1851,P10_falls_within
QC065008_1851,CD_QC_Montréal_1851,CENSUS_1851,P10_falls_within
QC065005_1851,CD_QC_Montréal_1851,CENSUS_1851,P10_falls_within
QC080007_1851,CD_QC_Two_Mountains_1851,CENSUS_1851,P10_falls_within
QC050014_1851,CD_QC_Berthier_1851,CENSUS_1851,P10_falls_within
QC050008_1851,CD_QC_Berthier_1851,CENSUS_1851,P10_falls_within
QC050015_1851,CD_QC_Berthier_1851,CENSUS_1851,P10_falls_within
QC050010_1851,CD_QC_Berthier_1851,CENSUS_1851,P10_falls_within
QC050011_1851,CD_QC_Berthier_1851,CENSUS_1851,P10_falls_within
QC050016_1851,CD_QC_Berthier_1851,CENSUS_1851,P10_falls_within
QC050007_1851,CD_QC_Berthier_1851,CENSUS_1851,P10_falls_within
QC050009_1851,CD_QC_Berthier_1851,CENSUS_1851,P10_falls_within
QC058003_1851,CD_QC_Kamouraska_1851,CENSUS_1851,P10_falls_within
QC058001_1851,CD_QC_Kamouraska_1851,CENSUS_1851,P10_falls_within
QC058004_1851,CD_QC_Kamouraska_1851,CENSUS_1851,P10_falls_within
QC058005_1851,CD_QC_Kamouraska_1851,CENSUS_1851,P10_falls_within
QC067004_1851,CD_QC_Outaouais_1851,CENSUS_1851,P10_falls_within
QC067999_1851,CD_QC_Outaouais_1851,CENSUS_1851,P10_falls_within
QC067018_1851,CD_QC_Outaouais_1851,CENSUS_1851,P10_falls_within
QC067019_1851,CD_QC_Outaouais_1851,CENSUS_1851,P10_falls_within
QC057001_1851,CD_QC_Huntingdon_1851,CENSUS_1851,P10_falls_within
QC057008_1851,CD_QC_Huntingdon_1851,CENSUS_1851,P10_falls_within
QC057003_1851,CD_QC_Huntingdon_1851,CENSUS_1851,P10_falls_within
QC057005_1851,CD_QC_Huntingdon_1851,CENSUS_1851,P10_falls_within
QC057009_1851,CD_QC_Huntingdon_1851,CENSUS_1851,P10_falls_within
QC057004_1851,CD_QC_Huntingdon_1851,CENSUS_1851,P10_falls_within
QC057002_1851,CD_QC_Huntingdon_1851,CENSUS_1851,P10_falls_within
QC057011_1851,CD_QC_Huntingdon_1851,CENSUS_1851,P10_falls_within
QC057010_1851,CD_QC_Huntingdon_1851,CENSUS_1851,P10_falls_within
QC057014_1851,CD_QC_Huntingdon_1851,CENSUS_1851,P10_falls_within
QC057018_1851,CD_QC_Huntingdon_1851,CENSUS_1851,P10_falls_within
QC059001_1851,CD_QC_Leinster_1851,CENSUS_1851,P10_falls_within
QC059004_1851,CD_QC_Leinster_1851,CENSUS_1851,P10_falls_within
QC059006_1851,CD_QC_Leinster_1851,CENSUS_1851,P10_falls_within
QC059007_1851,CD_QC_Leinster_1851,CENSUS_1851,P10_falls_within
QC059011_1851,CD_QC_Leinster_1851,CENSUS_1851,P10_falls_within
QC059003_1851,CD_QC_Leinster_1851,CENSUS_1851,P10_falls_within
QC059002_1851,CD_QC_Leinster_1851,CENSUS_1851,P10_falls_within
QC065002_1851,CD_QC_Montréal_1851,CENSUS_1851,P10_falls_within
QC065003_1851,CD_QC_Montréal_1851,CENSUS_1851,P10_falls_within
QC079010_1851,CD_QC_Terrebonne_1851,CENSUS_1851,P10_falls_within
QC079012_1851,CD_QC_Terrebonne_1851,CENSUS_1851,P10_falls_within
QC079011_1851,CD_QC_Terrebonne_1851,CENSUS_1851,P10_falls_within
QC065001_1851,CD_QC_Montréal_1851,CENSUS_1851,P10_falls_within
QC065004_1851,CD_QC_Montréal_1851,CENSUS_1851,P10_falls_within
QC054005_1851,CD_QC_Dorchester_1851,CENSUS_1851,P10_falls_within
QC054003_1851,CD_QC_Dorchester_1851,CENSUS_1851,P10_falls_within
QC054001_1851,CD_QC_Dorchester_1851,CENSUS_1851,P10_falls_within
QC054004_1851,CD_QC_Dorchester_1851,CENSUS_1851,P10_falls_within
QC060006_1851,CD_QC_L’Islet_1851,CENSUS_1851,P10_falls_within
QC060005_1851,CD_QC_L’Islet_1851,CENSUS_1851,P10_falls_within
QC060004_1851,CD_QC_L’Islet_1851,CENSUS_1851,P10_falls_within
QC060999_1851,CD_QC_L’Islet_1851,CENSUS_1851,P10_falls_within
QC060003_1851,CD_QC_L’Islet_1851,CENSUS_1851,P10_falls_within
QC061009_1851,CD_QC_Lotbinière_1851,CENSUS_1851,P10_falls_within
QC061005_1851,CD_QC_Lotbinière_1851,CENSUS_1851,P10_falls_within
QC061006_1851,CD_QC_Lotbinière_1851,CENSUS_1851,P10_falls_within
QC061004_1851,CD_QC_Lotbinière_1851,CENSUS_1851,P10_falls_within
QC061003_1851,CD_QC_Lotbinière_1851,CENSUS_1851,P10_falls_within
QC061002_1851,CD_QC_Lotbinière_1851,CENSUS_1851,P10_falls_within
QC061007_1851,CD_QC_Lotbinière_1851,CENSUS_1851,P10_falls_within
QC061008_1851,CD_QC_Lotbinière_1851,CENSUS_1851,P10_falls_within
QC073010_1851,CD_QC_St._Maurice_1851,CENSUS_1851,P10_falls_within
QC073007_1851,CD_QC_St._Maurice_1851,CENSUS_1851,P10_falls_within
QC073012_1851,CD_QC_St._Maurice_1851,CENSUS_1851,P10_falls_within
QC073013_1851,CD_QC_St._Maurice_1851,CENSUS_1851,P10_falls_within
QC073008_1851,CD_QC_St._Maurice_1851,CENSUS_1851,P10_falls_within
QC073009_1851,CD_QC_St._Maurice_1851,CENSUS_1851,P10_falls_within
QC073011_1851,CD_QC_St._Maurice_1851,CENSUS_1851,P10_falls_within
QC062005_1851,CD_QC_Megantic_1851,CENSUS_1851,P10_falls_within
QC062002_1851,CD_QC_Megantic_1851,CENSUS_1851,P10_falls_within
QC062007_1851,CD_QC_Megantic_1851,CENSUS_1851,P10_falls_within
QC062001_1851,CD_QC_Megantic_1851,CENSUS_1851,P10_falls_within
QC062003_1851,CD_QC_Megantic_1851,CENSUS_1851,P10_falls_within
QC062004_1851,CD_QC_Megantic_1851,CENSUS_1851,P10_falls_within
QC062008_1851,CD_QC_Megantic_1851,CENSUS_1851,P10_falls_within
QC063005_1851,CD_QC_Missisquoi_1851,CENSUS_1851,P10_falls_within
QC063002_1851,CD_QC_Missisquoi_1851,CENSUS_1851,P10_falls_within
QC063003_1851,CD_QC_Missisquoi_1851,CENSUS_1851,P10_falls_within
QC072005_1851,CD_QC_Rouville_1851,CENSUS_1851,P10_falls_within
QC072008_1851,CD_QC_Rouville_1851,CENSUS_1851,P10_falls_within
QC063006_1851,CD_QC_Missisquoi_1851,CENSUS_1851,P10_falls_within
QC063004_1851,CD_QC_Missisquoi_1851,CENSUS_1851,P10_falls_within
QC059010_1851,CD_QC_Leinster_1851,CENSUS_1851,P10_falls_within
QC059012_1851,CD_QC_Leinster_1851,CENSUS_1851,P10_falls_within
QC059008_1851,CD_QC_Leinster_1851,CENSUS_1851,P10_falls_within
QC059009_1851,CD_QC_Leinster_1851,CENSUS_1851,P10_falls_within
QC059013_1851,CD_QC_Leinster_1851,CENSUS_1851,P10_falls_within
QC059014_1851,CD_QC_Leinster_1851,CENSUS_1851,P10_falls_within
QC059015_1851,CD_QC_Leinster_1851,CENSUS_1851,P10_falls_within
QC049002_1851,CD_QC_Bellechasse_1851,CENSUS_1851,P10_falls_within
QC049001_1851,CD_QC_Bellechasse_1851,CENSUS_1851,P10_falls_within
QC060009_1851,CD_QC_L’Islet_1851,CENSUS_1851,P10_falls_within
QC060002_1851,CD_QC_L’Islet_1851,CENSUS_1851,P10_falls_within
QC060001_1851,CD_QC_L’Islet_1851,CENSUS_1851,P10_falls_within
QC064001_1851,CD_QC_Montmorenci_1851,CENSUS_1851,P10_falls_within
QC064002_1851,CD_QC_Montmorenci_1851,CENSUS_1851,P10_falls_within
QC064003_1851,CD_QC_Montmorenci_1851,CENSUS_1851,P10_falls_within
QC064008_1851,CD_QC_Montmorenci_1851,CENSUS_1851,P10_falls_within
QC064006_1851,CD_QC_Montmorenci_1851,CENSUS_1851,P10_falls_within
QC064009_1851,CD_QC_Montmorenci_1851,CENSUS_1851,P10_falls_within
QC064011_1851,CD_QC_Montmorenci_1851,CENSUS_1851,P10_falls_within
QC064005_1851,CD_QC_Montmorenci_1851,CENSUS_1851,P10_falls_within
QC064010_1851,CD_QC_Montmorenci_1851,CENSUS_1851,P10_falls_within
QC064007_1851,CD_QC_Montmorenci_1851,CENSUS_1851,P10_falls_within
QC085000_1851,"CD_QC_Montréal,_cité_1851",CENSUS_1851,P10_falls_within
QC066004_1851,CD_QC_Nicolet_1851,CENSUS_1851,P10_falls_within
QC066006_1851,CD_QC_Nicolet_1851,CENSUS_1851,P10_falls_within
QC066008_1851,CD_QC_Nicolet_1851,CENSUS_1851,P10_falls_within
QC066009_1851,CD_QC_Nicolet_1851,CENSUS_1851,P10_falls_within
QC055001_1851,CD_QC_Drummond_1851,CENSUS_1851,P10_falls_within
QC066005_1851,CD_QC_Nicolet_1851,CENSUS_1851,P10_falls_within
QC066001_1851,CD_QC_Nicolet_1851,CENSUS_1851,P10_falls_within
QC066007_1851,CD_QC_Nicolet_1851,CENSUS_1851,P10_falls_within
QC067016_1851,CD_QC_Outaouais_1851,CENSUS_1851,P10_falls_within
QC067002_1851,CD_QC_Outaouais_1851,CENSUS_1851,P10_falls_within
QC067003_1851,CD_QC_Outaouais_1851,CENSUS_1851,P10_falls_within
QC067005_1851,CD_QC_Outaouais_1851,CENSUS_1851,P10_falls_within
QC067006_1851,CD_QC_Outaouais_1851,CENSUS_1851,P10_falls_within
QC067011_1851,CD_QC_Outaouais_1851,CENSUS_1851,P10_falls_within
QC068005_1851,CD_QC_Portneuf_1851,CENSUS_1851,P10_falls_within
QC068003_1851,CD_QC_Portneuf_1851,CENSUS_1851,P10_falls_within
QC068009_1851,CD_QC_Portneuf_1851,CENSUS_1851,P10_falls_within
QC068002_1851,CD_QC_Portneuf_1851,CENSUS_1851,P10_falls_within
QC068010_1851,CD_QC_Portneuf_1851,CENSUS_1851,P10_falls_within
QC068011_1851,CD_QC_Portneuf_1851,CENSUS_1851,P10_falls_within
QC068006_1851,CD_QC_Portneuf_1851,CENSUS_1851,P10_falls_within
QC068001_1851,CD_QC_Portneuf_1851,CENSUS_1851,P10_falls_within
QC068008_1851,CD_QC_Portneuf_1851,CENSUS_1851,P10_falls_within
QC068007_1851,CD_QC_Portneuf_1851,CENSUS_1851,P10_falls_within
QC084000_1851,"CD_QC_Québec,_cité_1851",CENSUS_1851,P10_falls_within
QC069001_1851,CD_QC_Québec_1851,CENSUS_1851,P10_falls_within
QC069005_1851,CD_QC_Québec_1851,CENSUS_1851,P10_falls_within
QC069003_1851,CD_QC_Québec_1851,CENSUS_1851,P10_falls_within
QC069006_1851,CD_QC_Québec_1851,CENSUS_1851,P10_falls_within
QC069008_1851,CD_QC_Québec_1851,CENSUS_1851,P10_falls_within
QC069002_1851,CD_QC_Québec_1851,CENSUS_1851,P10_falls_within
QC070010_1851,CD_QC_Richelieu_1851,CENSUS_1851,P10_falls_within
QC070002_1851,CD_QC_Richelieu_1851,CENSUS_1851,P10_falls_within
QC070004_1851,CD_QC_Richelieu_1851,CENSUS_1851,P10_falls_within
QC070005_1851,CD_QC_Richelieu_1851,CENSUS_1851,P10_falls_within
QC070001_1851,CD_QC_Richelieu_1851,CENSUS_1851,P10_falls_within
QC076017_1851,CD_QC_Sherbrooke_1851,CENSUS_1851,P10_falls_within
QC076021_1851,CD_QC_Sherbrooke_1851,CENSUS_1851,P10_falls_within
QC076013_1851,CD_QC_Sherbrooke_1851,CENSUS_1851,P10_falls_within
QC062006_1851,CD_QC_Megantic_1851,CENSUS_1851,P10_falls_within
QC055015_1851,CD_QC_Drummond_1851,CENSUS_1851,P10_falls_within
QC076015_1851,CD_QC_Sherbrooke_1851,CENSUS_1851,P10_falls_within
QC076012_1851,CD_QC_Sherbrooke_1851,CENSUS_1851,P10_falls_within
QC076016_1851,CD_QC_Sherbrooke_1851,CENSUS_1851,P10_falls_within
QC055016_1851,CD_QC_Drummond_1851,CENSUS_1851,P10_falls_within
QC071018_1851,CD_QC_Rimouski_1851,CENSUS_1851,P10_falls_within
QC071013_1851,CD_QC_Rimouski_1851,CENSUS_1851,P10_falls_within
QC071012_1851,CD_QC_Rimouski_1851,CENSUS_1851,P10_falls_within
QC071016_1851,CD_QC_Rimouski_1851,CENSUS_1851,P10_falls_within
QC071017_1851,CD_QC_Rimouski_1851,CENSUS_1851,P10_falls_within
QC071011_1851,CD_QC_Rimouski_1851,CENSUS_1851,P10_falls_within
QC071019_1851,CD_QC_Rimouski_1851,CENSUS_1851,P10_falls_within
QC071999_1851,CD_QC_Rimouski_1851,CENSUS_1851,P10_falls_within
QC078006_1851,CD_QC_St._Hyacinthe_1851,CENSUS_1851,P10_falls_within
QC072010_1851,CD_QC_Rouville_1851,CENSUS_1851,P10_falls_within
QC072011_1851,CD_QC_Rouville_1851,CENSUS_1851,P10_falls_within
QC072004_1851,CD_QC_Rouville_1851,CENSUS_1851,P10_falls_within
QC072003_1851,CD_QC_Rouville_1851,CENSUS_1851,P10_falls_within
QC078003_1851,CD_QC_St._Hyacinthe_1851,CENSUS_1851,P10_falls_within
QC078001_1851,CD_QC_St._Hyacinthe_1851,CENSUS_1851,P10_falls_within
QC070008_1851,CD_QC_Richelieu_1851,CENSUS_1851,P10_falls_within
QC070006_1851,CD_QC_Richelieu_1851,CENSUS_1851,P10_falls_within
QC078004_1851,CD_QC_St._Hyacinthe_1851,CENSUS_1851,P10_falls_within
QC070007_1851,CD_QC_Richelieu_1851,CENSUS_1851,P10_falls_within
QC078002_1851,CD_QC_St._Hyacinthe_1851,CENSUS_1851,P10_falls_within
QC072006_1851,CD_QC_Rouville_1851,CENSUS_1851,P10_falls_within
QC072002_1851,CD_QC_Rouville_1851,CENSUS_1851,P10_falls_within
QC057013_1851,CD_QC_Huntingdon_1851,CENSUS_1851,P10_falls_within
QC072009_1851,CD_QC_Rouville_1851,CENSUS_1851,P10_falls_within
QC072012_1851,CD_QC_Rouville_1851,CENSUS_1851,P10_falls_within
QC072007_1851,CD_QC_Rouville_1851,CENSUS_1851,P10_falls_within
QC052014_1851,CD_QC_Chambly_1851,CENSUS_1851,P10_falls_within
QC052011_1851,CD_QC_Chambly_1851,CENSUS_1851,P10_falls_within
QC072001_1851,CD_QC_Rouville_1851,CENSUS_1851,P10_falls_within
QC052013_1851,CD_QC_Chambly_1851,CENSUS_1851,P10_falls_within
QC075003_1851,CD_QC_Shefford_1851,CENSUS_1851,P10_falls_within
QC075004_1851,CD_QC_Shefford_1851,CENSUS_1851,P10_falls_within
QC075001_1851,CD_QC_Shefford_1851,CENSUS_1851,P10_falls_within
QC075005_1851,CD_QC_Shefford_1851,CENSUS_1851,P10_falls_within
QC075006_1851,CD_QC_Shefford_1851,CENSUS_1851,P10_falls_within
QC076005_1851,CD_QC_Sherbrooke_1851,CENSUS_1851,P10_falls_within
QC081009_1851,CD_QC_Vaudreuil_1851,CENSUS_1851,P10_falls_within
QC081007_1851,CD_QC_Vaudreuil_1851,CENSUS_1851,P10_falls_within
QC081008_1851,CD_QC_Vaudreuil_1851,CENSUS_1851,P10_falls_within
QC081006_1851,CD_QC_Vaudreuil_1851,CENSUS_1851,P10_falls_within
QC081010_1851,CD_QC_Vaudreuil_1851,CENSUS_1851,P10_falls_within
QC077007_1851,CD_QC_Stanstead_1851,CENSUS_1851,P10_falls_within
QC077002_1851,CD_QC_Stanstead_1851,CENSUS_1851,P10_falls_within
QC077003_1851,CD_QC_Stanstead_1851,CENSUS_1851,P10_falls_within
QC077006_1851,CD_QC_Stanstead_1851,CENSUS_1851,P10_falls_within
QC077001_1851,CD_QC_Stanstead_1851,CENSUS_1851,P10_falls_within
QC071004_1851,CD_QC_Rimouski_1851,CENSUS_1851,P10_falls_within
QC071010_1851,CD_QC_Rimouski_1851,CENSUS_1851,P10_falls_within
QC071003_1851,CD_QC_Rimouski_1851,CENSUS_1851,P10_falls_within
QC058007_1851,CD_QC_Kamouraska_1851,CENSUS_1851,P10_falls_within
QC071001_1851,CD_QC_Rimouski_1851,CENSUS_1851,P10_falls_within
QC071005_1851,CD_QC_Rimouski_1851,CENSUS_1851,P10_falls_within
QC071009_1851,CD_QC_Rimouski_1851,CENSUS_1851,P10_falls_within
QC071008_1851,CD_QC_Rimouski_1851,CENSUS_1851,P10_falls_within
QC071007_1851,CD_QC_Rimouski_1851,CENSUS_1851,P10_falls_within
QC079008_1851,CD_QC_Terrebonne_1851,CENSUS_1851,P10_falls_within
QC079003_1851,CD_QC_Terrebonne_1851,CENSUS_1851,P10_falls_within
QC079004_1851,CD_QC_Terrebonne_1851,CENSUS_1851,P10_falls_within
QC079009_1851,CD_QC_Terrebonne_1851,CENSUS_1851,P10_falls_within
QC079007_1851,CD_QC_Terrebonne_1851,CENSUS_1851,P10_falls_within
QC079001_1851,CD_QC_Terrebonne_1851,CENSUS_1851,P10_falls_within
QC073004_1851,CD_QC_St._Maurice_1851,CENSUS_1851,P10_falls_within
QC073006_1851,CD_QC_St._Maurice_1851,CENSUS_1851,P10_falls_within
QC073002_1851,CD_QC_St._Maurice_1851,CENSUS_1851,P10_falls_within
QC073003_1851,CD_QC_St._Maurice_1851,CENSUS_1851,P10_falls_within
QC073005_1851,CD_QC_St._Maurice_1851,CENSUS_1851,P10_falls_within
QC073001_1851,CD_QC_St._Maurice_1851,CENSUS_1851,P10_falls_within
QC081004_1851,CD_QC_Vaudreuil_1851,CENSUS_1851,P10_falls_within
QC081001_1851,CD_QC_Vaudreuil_1851,CENSUS_1851,P10_falls_within
QC081011_1851,CD_QC_Vaudreuil_1851,CENSUS_1851,P10_falls_within
QC081005_1851,CD_QC_Vaudreuil_1851,CENSUS_1851,P10_falls_within
QC081002_1851,CD_QC_Vaudreuil_1851,CENSUS_1851,P10_falls_within
QC081003_1851,CD_QC_Vaudreuil_1851,CENSUS_1851,P10_falls_within
QC067009_1851,CD_QC_Outaouais_1851,CENSUS_1851,P10_falls_within
QC067024_1851,CD_QC_Outaouais_1851,CENSUS_1851,P10_falls_within
QC067015_1851,CD_QC_Outaouais_1851,CENSUS_1851,P10_falls_within
QC067022_1851,CD_QC_Outaouais_1851,CENSUS_1851,P10_falls_within
QC067001_1851,CD_QC_Outaouais_1851,CENSUS_1851,P10_falls_within
QC083004_1851,CD_QC_Yamaska_1851,CENSUS_1851,P10_falls_within
QC083001_1851,CD_QC_Yamaska_1851,CENSUS_1851,P10_falls_within
QC083003_1851,CD_QC_Yamaska_1851,CENSUS_1851,P10_falls_within
QC083005_1851,CD_QC_Yamaska_1851,CENSUS_1851,P10_falls_within
QC083002_1851,CD_QC_Yamaska_1851,CENSUS_1851,P10_falls_within
QC064999_1851,CD_QC_Montmorenci_1851,CENSUS_1851,P10_falls_within
QC050999_1851,CD_QC_Berthier_1851,CENSUS_1851,P10_falls_within
QC051009_1851,CD_QC_Bonaventure_1851,CENSUS_1851,P10_falls_within
QC080009_1851,CD_QC_Two_Mountains_1851,CENSUS_1851,P10_falls_within
QC059005_1851,CD_QC_Leinster_1851,CENSUS_1851,P10_falls_within
QC065010_1851,CD_QC_Montréal_1851,CENSUS_1851,P10_falls_within
QC064004_1851,CD_QC_Montmorenci_1851,CENSUS_1851,P10_falls_within
QC070003_1851,CD_QC_Richelieu_1851,CENSUS_1851,P10_falls_within
QC071006_1851,CD_QC_Rimouski_1851,CENSUS_1851,P10_falls_within
QC079002_1851,CD_QC_Terrebonne_1851,CENSUS_1851,P10_falls_within
QC069004_1851,CD_QC_Québec_1851,CENSUS_1851,P10_falls_within
QC069999_1851,CD_QC_Québec_1851,CENSUS_1851,P10_falls_within
QC079013_1851,CD_QC_Terrebonne_1851,CENSUS_1851,P10_falls_within
QC059999_1851,CD_QC_Leinster_1851,CENSUS_1851,P10_falls_within
QC067007_1851,CD_QC_Outaouais_1851,CENSUS_1851,P10_falls_within
QC068999_1851,CD_QC_Portneuf_1851,CENSUS_1851,P10_falls_within
QC076014_1851,CD_QC_Sherbrooke_1851,CENSUS_1851,P10_falls_within
QC076022_1851,CD_QC_Sherbrooke_1851,CENSUS_1851,P10_falls_within
QC075002_1851,CD_QC_Shefford_1851,CENSUS_1851,P10_falls_within
QC082001_1851,CD_QC_Verchères_1851,CENSUS_1851,P10_falls_within
QC074999_1851,CD_QC_Saguenay_1851,CENSUS_1851,P10_falls_within
QC074016_1851,CD_QC_Saguenay_1851,CENSUS_1851,P10_falls_within
QC054023_1851,CD_QC_Dorchester_1851,CENSUS_1851,P10_falls_within
QC055018_1851,CD_QC_Drummond_1851,CENSUS_1851,P10_falls_within
QC067021_1851,CD_QC_Outaouais_1851,CENSUS_1851,P10_falls_within
QC067012_1851,CD_QC_Outaouais_1851,CENSUS_1851,P10_falls_within
QC071002_1851,CD_QC_Rimouski_1851,CENSUS_1851,P10_falls_within
QC050001_1851,CD_QC_Berthier_1851,CENSUS_1851,P10_falls_within
QC050004_1851,CD_QC_Berthier_1851,CENSUS_1851,P10_falls_within
QC052007_1851,CD_QC_Chambly_1851,CENSUS_1851,P10_falls_within
QC053999_1851,CD_QC_Champlain_1851,CENSUS_1851,P10_falls_within
QC073999_1851,CD_QC_St._Maurice_1851,CENSUS_1851,P10_falls_within
QC074014_1851,CD_QC_Saguenay_1851,CENSUS_1851,P10_falls_within
QC053007_1851,CD_QC_Champlain_1851,CENSUS_1851,P10_falls_within
QC065009_1851,CD_QC_Montréal_1851,CENSUS_1851,P10_falls_within
QC058999_1851,CD_QC_Kamouraska_1851,CENSUS_1851,P10_falls_within
QC058008_1851,CD_QC_Kamouraska_1851,CENSUS_1851,P10_falls_within
QC067008_1851,CD_QC_Outaouais_1851,CENSUS_1851,P10_falls_within
QC054002_1851,CD_QC_Dorchester_1851,CENSUS_1851,P10_falls_within
QC069007_1851,CD_QC_Québec_1851,CENSUS_1851,P10_falls_within
QC073015_1851,CD_QC_St._Maurice_1851,CENSUS_1851,P10_falls_within
QC067023_1851,CD_QC_Outaouais_1851,CENSUS_1851,P10_falls_within
QC067020_1851,CD_QC_Outaouais_1851,CENSUS_1851,P10_falls_within
QC080014_1851,CD_QC_Two_Mountains_1851,CENSUS_1851,P10_falls_within
QC080016_1851,CD_QC_Two_Mountains_1851,CENSUS_1851,P10_falls_within
QC079005_1851,CD_QC_Terrebonne_1851,CENSUS_1851,P10_falls_within
QC055012_1851,CD_QC_Drummond_1851,CENSUS_1851,P10_falls_within
QC054020_1851,CD_QC_Dorchester_1851,CENSUS_1851,P10_falls_within
QC054021_1851,CD_QC_Dorchester_1851,CENSUS_1851,P10_falls_within
QC062014_1851,CD_QC_Megantic_1851,CENSUS_1851,P10_falls_within
QC062011_1851,CD_QC_Megantic_1851,CENSUS_1851,P10_falls_within
QC062013_1851,CD_QC_Megantic_1851,CENSUS_1851,P10_falls_within
QC050012_1851,CD_QC_Berthier_1851,CENSUS_1851,P10_falls_within
QC074008_1851,CD_QC_Saguenay_1851,CENSUS_1851,P10_falls_within
QC074021_1851,CD_QC_Saguenay_1851,CENSUS_1851,P10_falls_within
QC074018_1851,CD_QC_Saguenay_1851,CENSUS_1851,P10_falls_within
QC074020_1851,CD_QC_Saguenay_1851,CENSUS_1851,P10_falls_within
QC074019_1851,CD_QC_Saguenay_1851,CENSUS_1851,P10_falls_within
QC074025_1851,CD_QC_Saguenay_1851,CENSUS_1851,P10_falls_within
QC074026_1851,CD_QC_Saguenay_1851,CENSUS_1851,P10_falls_within
QC074027_1851,CD_QC_Saguenay_1851,CENSUS_1851,P10_falls_within
QC055007_1851,CD_QC_Drummond_1851,CENSUS_1851,P10_falls_within
QC056001_1851,CD_QC_Gaspé_1851,CENSUS_1851,P10_falls_within
QC060007_1851,CD_QC_L’Islet_1851,CENSUS_1851,P10_falls_within
QC058011_1851,CD_QC_Kamouraska_1851,CENSUS_1851,P10_falls_within
QC058010_1851,CD_QC_Kamouraska_1851,CENSUS_1851,P10_falls_within
QC058009_1851,CD_QC_Kamouraska_1851,CENSUS_1851,P10_falls_within
QC058002_1851,CD_QC_Kamouraska_1851,CENSUS_1851,P10_falls_within
QC059016_1851,CD_QC_Leinster_1851,CENSUS_1851,P10_falls_within
QC060014_1851,CD_QC_L’Islet_1851,CENSUS_1851,P10_falls_within
QC060013_1851,CD_QC_L’Islet_1851,CENSUS_1851,P10_falls_within
QC060012_1851,CD_QC_L’Islet_1851,CENSUS_1851,P10_falls_within
QC060008_1851,CD_QC_L’Islet_1851,CENSUS_1851,P10_falls_within
QC066002_1851,CD_QC_Nicolet_1851,CENSUS_1851,P10_falls_within
QC067014_1851,CD_QC_Outaouais_1851,CENSUS_1851,P10_falls_within
QC069013_1851,CD_QC_Québec_1851,CENSUS_1851,P10_falls_within
QC071020_1851,CD_QC_Rimouski_1851,CENSUS_1851,P10_falls_within
QC057012_1851,CD_QC_Huntingdon_1851,CENSUS_1851,P10_falls_within
QC076019_1851,CD_QC_Sherbrooke_1851,CENSUS_1851,P10_falls_within
QC076006_1851,CD_QC_Sherbrooke_1851,CENSUS_1851,P10_falls_within
QC080012_1851,CD_QC_Two_Mountains_1851,CENSUS_1851,P10_falls_within
QC048002_1851,CD_QC_Beauharnois_1851,CENSUS_1851,P10_falls_within
QC048004_1851,CD_QC_Beauharnois_1851,CENSUS_1851,P10_falls_within
QC048006_1851,CD_QC_Beauharnois_1851,CENSUS_1851,P10_falls_within
QC055017_1851,CD_QC_Drummond_1851,CENSUS_1851,P10_falls_within
QC078012_1851,CD_QC_St._Hyacinthe_1851,CENSUS_1851,P10_falls_within
QC049008_1851,CD_QC_Bellechasse_1851,CENSUS_1851,P10_falls_within
QC052008_1851,CD_QC_Chambly_1851,CENSUS_1851,P10_falls_within
QC052009_1851,CD_QC_Chambly_1851,CENSUS_1851,P10_falls_within
QC052006_1851,CD_QC_Chambly_1851,CENSUS_1851,P10_falls_within
QC052003_1851,CD_QC_Chambly_1851,CENSUS_1851,P10_falls_within
QC057017_1851,CD_QC_Huntingdon_1851,CENSUS_1851,P10_falls_within
QC057016_1851,CD_QC_Huntingdon_1851,CENSUS_1851,P10_falls_within
QC057015_1851,CD_QC_Huntingdon_1851,CENSUS_1851,P10_falls_within
QC052012_1851,CD_QC_Chambly_1851,CENSUS_1851,P10_falls_within
QC052010_1851,CD_QC_Chambly_1851,CENSUS_1851,P10_falls_within
QC054008_1851,CD_QC_Dorchester_1851,CENSUS_1851,P10_falls_within
QC054022_1851,CD_QC_Dorchester_1851,CENSUS_1851,P10_falls_within
QC054999_1851,CD_QC_Dorchester_1851,CENSUS_1851,P10_falls_within
QC060010_1851,CD_QC_L’Islet_1851,CENSUS_1851,P10_falls_within
QC060011_1851,CD_QC_L’Islet_1851,CENSUS_1851,P10_falls_within
QC061001_1851,CD_QC_Lotbinière_1851,CENSUS_1851,P10_falls_within
QC066003_1851,CD_QC_Nicolet_1851,CENSUS_1851,P10_falls_within
QC067017_1851,CD_QC_Outaouais_1851,CENSUS_1851,P10_falls_within
QC067013_1851,CD_QC_Outaouais_1851,CENSUS_1851,P10_falls_within
QC068012_1851,CD_QC_Portneuf_1851,CENSUS_1851,P10_falls_within
QC069009_1851,CD_QC_Québec_1851,CENSUS_1851,P10_falls_within
QC068013_1851,CD_QC_Portneuf_1851,CENSUS_1851,P10_falls_within
QC068004_1851,CD_QC_Portneuf_1851,CENSUS_1851,P10_falls_within
QC069012_1851,CD_QC_Québec_1851,CENSUS_1851,P10_falls_within
QC069011_1851,CD_QC_Québec_1851,CENSUS_1851,P10_falls_within
QC070009_1851,CD_QC_Richelieu_1851,CENSUS_1851,P10_falls_within
QC071021_1851,CD_QC_Rimouski_1851,CENSUS_1851,P10_falls_within
QC071014_1851,CD_QC_Rimouski_1851,CENSUS_1851,P10_falls_within
QC071015_1851,CD_QC_Rimouski_1851,CENSUS_1851,P10_falls_within
QC078007_1851,CD_QC_St._Hyacinthe_1851,CENSUS_1851,P10_falls_within
QC078005_1851,CD_QC_St._Hyacinthe_1851,CENSUS_1851,P10_falls_within
QC074015_1851,CD_QC_Saguenay_1851,CENSUS_1851,P10_falls_within
QC074013_1851,CD_QC_Saguenay_1851,CENSUS_1851,P10_falls_within
QC074012_1851,CD_QC_Saguenay_1851,CENSUS_1851,P10_falls_within
QC074017_1851,CD_QC_Saguenay_1851,CENSUS_1851,P10_falls_within
QC076007_1851,CD_QC_Sherbrooke_1851,CENSUS_1851,P10_falls_within
QC076003_1851,CD_QC_Sherbrooke_1851,CENSUS_1851,P10_falls_within
QC076009_1851,CD_QC_Sherbrooke_1851,CENSUS_1851,P10_falls_within
QC079006_1851,CD_QC_Terrebonne_1851,CENSUS_1851,P10_falls_within
QC083006_1851,CD_QC_Yamaska_1851,CENSUS_1851,P10_falls_within
QC058006_1851,CD_QC_Kamouraska_1851,CENSUS_1851,P10_falls_within
QC074028_1851,CD_QC_Saguenay_1851,CENSUS_1851,P10_falls_within
QC048013_1851,CD_QC_Beauharnois_1851,CENSUS_1851,P10_falls_within
QC067010_1851,CD_QC_Outaouais_1851,CENSUS_1851,P10_falls_within
QC056006_1851,CD_QC_Gaspé_1851,CENSUS_1851,P10_falls_within
QC056007_1851,CD_QC_Gaspé_1851,CENSUS_1851,P10_falls_within
QC069010_1851,CD_QC_Québec_1851,CENSUS_1851,P10_falls_within
QC065999_1851,CD_QC_Montréal_1851,CENSUS_1851,P10_falls_within
QC085999_1851,"CD_QC_Montréal,_cité_1851",CENSUS_1851,P10_falls_within
QC073014_1851,CD_QC_St._Maurice_1851,CENSUS_1851,P10_falls_within
QC053009_1851,CD_QC_Champlain_1851,CENSUS_1851,P10_falls_within
QC053009_1851,CD_QC_Champlain_1851,CENSUS_1851,P10_falls_within
